City_ID,City,Lat,Lng,Max Temp,Humidity,Cloudiness,Wind Speed,Country,Date
415,ballina,-154.53026905355432,-89.8431789162143,239.0,90,100,6.44,pf,1680372702
591,kingston,-101.4455857509955,-89.564562262637,238.57,90,100,5.94,cl,1680372783
214,alofi,-11.85933023441268,-89.47043166516916,240.03,85,100,7.74,za,1680372586
281,faanui,81.99189568247556,-89.4373777335896,239.47,87,100,8.26,au,1680372625
330,guerrero negro,169.74169881032338,-88.95867281806503,237.47,97,100,6.5,nz,1680372652
68,tolbazy,-149.8825641452742,-88.5186121360011,237.65,97,100,6.77,pf,1680372519
143,havelock,-52.71906720773024,-88.42753800110289,240.13,92,100,6.6,ar,1680372543
253,kahului,47.21787886296926,-88.3497340867167,237.94,96,100,8.03,za,1680372601
612,inongo,-116.7738110704913,-88.00790221072477,239.08,88,100,6.77,cl,1680372797
369,port blair,74.01724804441847,-87.78400504776906,237.97,92,100,7.25,au,1680372673
512,grand river south east,57.81710102757489,-87.69073374512236,238.19,90,100,6.52,za,1680372748
370,dukat,73.3737873111728,-87.36566019675679,237.19,89,100,6.67,mg,1680372673
112,grindavik,120.18913795081193,-87.29478446687084,240.11,92,100,9.32,au,1680372533
409,allapalli,26.11321991430438,-87.03866035124258,238.03,87,96,8.69,za,1680372699
540,paz de ariporo,-150.1044471039493,-86.70623650628072,242.29,77,41,5.53,pf,1680372762
246,hithadhoo,-74.32940026364096,-86.52754437639035,247.23,80,91,9.85,ar,1680372598
605,xuddur,50.528356115484144,-86.37487627796399,234.2,89,88,6.89,za,1680372793
145,saleaula,136.5782978510436,-86.00931543032091,242.24,87,100,10.88,au,1680372545
152,victoria point,-147.407353665782,-86.00631708155493,246.4,71,28,5.53,pf,1680372549
2,busselton,83.48189624597671,-85.12220015465634,227.82,99,93,6.17,au,1680372482
462,labuhan,54.4246255993468,-85.08832554923464,226.65,100,81,5.72,za,1680372718
562,te anau,-77.10396003601889,-85.03860222445616,246.31,81,73,6.22,ar,1680372772
159,inhambane,25.38642565184557,-84.80304313293588,234.84,82,49,7.8,za,1680372553
144,locri,-47.04034763705954,-84.5926773202711,249.28,81,99,6.51,ar,1680372544
367,paamiut,170.53652997249026,-84.39875675523793,249.05,48,2,4.91,nz,1680372671
581,winnemucca,47.780331913917024,-83.23717460813624,224.54,100,59,5.36,za,1680372778
169,east london,-109.32417198231688,-83.19441931090729,247.28,85,95,5.08,cl,1680372558
259,nizhneyansk,-159.3696301546301,-83.09255853493056,236.08,94,21,2.09,pf,1680372607
531,florianopolis,106.46483980586628,-82.80003580967812,225.39,100,88,6.17,au,1680372759
584,rajauri,112.60756949652496,-82.79559765510217,228.89,96,69,9.05,au,1680372779
309,peleduy,-49.75309918128619,-82.3385637917592,257.32,58,99,4.54,ar,1680372645
242,vagamo,-116.60410418441953,-82.3109829013203,251.28,76,92,5.68,cl,1680372597
282,skerries,-174.43768142453757,-81.60353852153078,245.25,71,2,4.52,to,1680372626
420,tukrah,-11.594832496969502,-80.92227155061019,246.79,81,18,5.07,za,1680372704
252,upernavik,-78.85937314442835,-80.67096732986322,255.41,97,100,6.27,ar,1680372600
205,san pedro,10.163053184725214,-80.61874269199748,241.42,75,8,6.57,za,1680372582
89,nizhniy tsasuchey,-150.85678683225075,-80.48457197808077,228.61,100,58,1.41,pf,1680372526
212,camacha,173.02040471518433,-80.43285560686675,242.78,72,0,4.37,nz,1680372585
469,syracuse,-119.59745849268708,-79.44552478405417,232.74,100,48,2.58,cl,1680372720
21,katherine,-101.78796491598604,-78.91346139946242,246.35,92,100,7.76,cl,1680372492
554,durban,11.049551211282534,-78.9087059677678,240.58,65,63,6.08,za,1680372769
215,taltal,92.9924053556462,-78.18553619249975,221.09,100,100,4.41,au,1680372586
403,guerrero,109.39826077460047,-77.91235483060117,219.53,100,87,4.94,au,1680372697
496,mandan,-123.41970126475246,-77.56458851381075,232.93,100,100,1.34,pf,1680372737
175,comodoro rivadavia,30.41580408369967,-77.24464923525075,222.07,100,83,3.6,za,1680372562
343,chum phae,65.75154396047824,-77.09769589515254,235.72,77,45,12.78,mg,1680372657
485,pirojpur,-29.9848022031033,-76.79318475968161,261.01,59,74,5.23,ar,1680372731
459,aflu,-53.62394114876622,-75.76184357473016,255.59,92,100,2.76,ar,1680372717
372,dudinka,-170.4938050998167,-75.63944652271353,252.61,97,100,1.71,to,1680372675
306,shelburne,73.67550496617281,-75.32852025543681,242.09,68,53,9.96,re,1680372644
206,longyearbyen,-18.491775414376463,-75.14169331718315,265.7,62,96,4.41,ar,1680372583
76,leh,-41.85155794814804,-74.94843392406429,259.39,96,100,3.74,ar,1680372522
582,uri,174.89196911342617,-74.48706505473045,259.68,70,100,3.66,nz,1680372778
289,birjand,160.76057373822948,-74.44262293804667,247.45,69,100,6.21,nz,1680372631
432,mahibadhoo,-21.70438695287621,-73.89534049350078,267.43,79,94,4.22,ar,1680372708
598,mahina,-35.715903293976936,-73.33876704055226,258.67,97,70,3.35,ar,1680372788
67,cherskiy,-64.65566415066377,-73.32545652989764,251.44,98,43,9.19,ar,1680372518
381,atherton,85.16673167961068,-73.18614876941093,237.63,95,100,8.87,au,1680372682
499,harper,121.23833418880828,-72.64014810681518,232.27,100,86,6.1,au,1680372739
106,wajir,-165.46752047849398,-72.32476490454907,259.99,83,100,2.54,ck,1680372531
320,aksu,-177.60648461649032,-72.25156511717404,262.95,95,100,9.23,to,1680372648
589,berezovyy,15.085348939508831,-72.22978805153136,254.2,55,100,8.74,za,1680372781
36,hilo,-164.31650010699855,-72.19598357840053,259.58,85,100,2.27,pf,1680372502
165,tarboro,106.98792066421714,-72.0829652202882,237.69,99,100,5.26,au,1680372556
424,banihal,75.57536779272382,-71.26857108772168,248.23,85,100,11.64,re,1680372705
104,moindou,163.55805957151154,-70.9273378985143,269.75,97,100,0.76,nz,1680372531
439,hvide sande,-138.6799921319527,-70.3609695078933,266.02,70,100,12.83,pf,1680372711
449,tautira,116.98796280795187,-70.15399138864015,242.88,87,92,7.84,au,1680372714
103,alice springs,98.21623296732548,-70.10874569180017,238.43,99,97,6.17,au,1680372530
150,kaniama,-36.63289203666483,-70.01087333754293,263.51,95,36,3.86,ar,1680372548
577,ciudad bolivar,-136.23199621434958,-69.31958320994231,267.0,77,100,11.91,pf,1680372777
117,jamestown,158.9965640755833,-69.1836189245831,267.0,93,100,17.67,nz,1680372535
35,ushuaia,177.89245690050183,-68.66820555691517,272.97,99,100,7.78,nz,1680372501
286,upington,-43.52525662443264,-67.63508890122893,265.04,93,98,2.86,ar,1680372628
39,avarua,108.97895822011304,-67.17822143416114,257.77,62,29,12.15,au,1680372503
322,comana,-1.3834399057778626,-66.16024444162538,272.55,94,100,10.3,za,1680372649
260,yugorsk,-75.14823271111088,-66.05185873023913,273.33,76,78,11.92,ar,1680372607
507,menongue,139.3141826732204,-65.98678246531915,265.5,73,98,6.5,au,1680372744
293,kutum,27.556610323651,-65.79586490029658,272.45,91,100,11.23,za,1680372635
16,riosucio,96.30632489632706,-65.45659555983879,252.04,92,38,1.75,au,1680372489
119,bengkulu,159.56044380167793,-65.24178662080288,273.21,99,100,4.81,nz,1680372535
53,constitucion,-154.7580749178575,-65.00857353427699,273.04,98,100,7.78,pf,1680372511
386,sistranda,84.83080204469451,-64.94972691752695,269.73,94,100,9.33,au,1680372686
6,arraial do cabo,99.82358191412982,-64.88046036594498,266.78,92,13,3.24,au,1680372484
442,bajram curri,-97.00715376998176,-64.76567453638062,271.95,63,36,4.33,cl,1680372712
291,gerede,-11.751966741096735,-64.6483744176846,271.57,94,100,8.35,za,1680372632
275,raglan,-98.87856327818734,-63.90496202575964,271.83,58,87,7.66,cl,1680372621
265,svetlogorsk,41.77035129489727,-63.48278146413468,272.07,83,100,8.04,za,1680372612
262,nanortalik,111.40727685927874,-63.098615053874994,270.87,79,61,6.44,au,1680372609
569,siverek,40.62222331286623,-63.005126735442985,272.55,76,100,6.94,za,1680372774
453,sao joao da barra,109.89565349379792,-62.64476083413244,271.25,73,82,8.27,au,1680372715
337,sitka,-83.98615546613334,-62.36897487261926,275.51,87,88,13.81,cl,1680372655
217,thinadhoo,-25.425492077709805,-61.73973307225013,271.08,74,100,7.62,uy,1680372587
110,saint anthony,173.88187740197145,-61.61936374884037,278.53,98,100,14.77,nz,1680372532
511,ngunguru,-127.65281015608932,-61.17358354308105,270.4,66,100,15.97,pf,1680372747
55,yellowknife,7.432457500131534,-61.00438224061245,272.75,87,98,13.92,za,1680372512
298,gushi,144.0041384086387,-60.95420200914212,274.43,86,94,5.97,au,1680372640
193,port hardy,-66.79806451658139,-60.81493858273909,276.68,96,100,6.74,ar,1680372578
392,batagay,-100.02254421023174,-60.73195062834422,273.16,61,100,7.91,cl,1680372689
393,dunedin,-45.6990871434235,-60.460229356075935,273.25,86,23,8.24,ar,1680372690
564,ullapool,122.0379980331516,-59.82368137166086,272.72,64,99,9.98,au,1680372773
33,samalaeulu,-37.430691410858486,-59.76148191886883,273.6,78,28,14.77,ar,1680372500
57,xining,-127.63488558983975,-58.65751852318747,271.91,64,100,17.69,pf,1680372513
213,acajutla,99.00297917457569,-58.02028849580297,273.43,66,95,3.31,au,1680372586
135,dingle,-55.43527462130244,-57.80308406457207,277.14,90,81,8.11,ar,1680372540
251,worcester,29.96572455565993,-57.7353491967883,273.56,98,100,10.12,za,1680372600
131,aripuana,-166.70486717988297,-57.71974902967973,279.7,94,100,7.39,ck,1680372539
317,tobe,-71.40723536278807,-57.55357628969895,278.81,83,65,8.89,ar,1680372647
295,mgandu,128.94032743415482,-57.40081852193615,274.84,70,85,4.76,au,1680372638
105,attawapiskat,-159.4417138700928,-57.319776458395566,278.32,83,34,4.6,pf,1680372531
34,mouzakion,-86.35062404913131,-56.69816997705929,278.22,94,100,17.91,cl,1680372501
153,soyo,-137.62632559414993,-56.66450663123504,276.1,86,100,15.52,pf,1680372550
411,aswan,37.652754280566114,-56.582009026920126,274.78,86,22,3.81,za,1680372700
537,vezirkopru,-84.09125720992174,-56.53389889789268,278.34,92,100,18.22,cl,1680372761
128,sakakah,-151.9562327253545,-56.43655282553257,276.4,93,29,6.71,pf,1680372538
272,emerald,-109.99550271735488,-55.66994184868632,274.42,57,100,15.1,cl,1680372619
290,carballo,-13.160405871508232,-55.55937253470265,274.63,79,100,13.86,za,1680372631
80,honiara,-125.31335566652744,-55.05032594822932,274.92,71,100,18.5,pf,1680372523
268,lebu,162.81245042013,-54.58678135497403,278.19,81,100,13.41,nz,1680372616
303,maragogi,-50.8257703452029,-54.26278335794126,279.51,87,85,8.28,ar,1680372643
45,klaksvik,-14.0891610610025,-54.13929828103649,275.31,72,80,12.19,za,1680372506
398,mount isa,-171.78916776435543,-54.04164168736686,284.69,94,95,11.68,to,1680372694
40,cape town,-58.96160921238683,-53.99620922610876,280.74,90,100,11.54,ar,1680372504
580,pangnirtung,17.321065057297517,-53.36182045668339,275.01,92,28,11.48,za,1680372778
473,douglas,-9.661172446845228,-51.58608883118587,276.04,73,41,13.66,za,1680372722
133,houston,-20.359370986073746,-51.49799240308447,278.05,83,77,12.48,br,1680372539
579,lira,147.5662040624025,-51.23015157759493,279.73,72,99,5.23,au,1680372777
308,sol-iletsk,25.946680184263755,-51.04232128216131,275.34,85,100,10.22,za,1680372644
549,jaisalmer,-39.74686262846501,-49.57424761636295,278.52,88,7,5.43,uy,1680372765
256,osorno,-63.94466051037992,-48.52408815931923,286.59,73,32,9.06,ar,1680372603
300,rochegda,-27.520294008897423,-48.41195920360806,280.26,70,53,8.97,br,1680372641
360,karaul,112.57634088686068,-47.89780131229761,281.63,97,100,8.1,au,1680372667
572,jaguaruna,128.5314176827818,-47.64402967943812,283.49,89,100,12.39,au,1680372775
390,svetlyy,-30.878536843175965,-47.641174605890285,280.55,67,40,7.08,br,1680372688
486,boa vista,32.02345056598335,-47.248450955655976,280.92,95,98,4.81,za,1680372732
277,palabuhanratu,-5.190830538218677,-46.75248061470362,280.22,82,46,9.35,za,1680372623
258,ipixuna,142.14716836461236,-46.70496059194039,283.99,89,100,12.49,au,1680372605
371,boyuibe,88.43265726549782,-46.62806339818589,283.87,93,100,7.75,au,1680372674
611,marawi,21.49696547016828,-46.42372646293764,280.97,99,100,5.59,za,1680372796
234,da nang,17.433534208281003,-45.8279461846894,282.16,97,100,3.18,za,1680372593
603,maridi,-34.28026774926886,-45.73451783076101,282.29,67,99,4.83,br,1680372791
431,diamantino,23.456578275480183,-45.61323851404897,282.53,99,100,6.27,za,1680372708
450,beringovskiy,2.3492213016376127,-45.40790401520988,282.6,86,97,9.69,za,1680372714
475,cruzeiro do sul,33.551402926329644,-45.215751463661626,283.04,93,66,6.23,za,1680372724
151,chuy,147.28515047371286,-44.79696864357981,286.79,82,100,10.75,au,1680372548
457,romita,124.05683063259733,-44.54955599679129,285.19,82,100,10.67,au,1680372716
250,westport,168.33806907083158,-44.47730723302555,272.95,98,91,2.98,nz,1680372599
535,samusu,74.95169039897647,-44.36923242254951,287.22,94,58,10.33,mu,1680372760
302,srandakan,35.16925758000957,-44.34591465313524,283.12,89,27,6.4,za,1680372642
85,vila franca do campo,71.52724108336164,-44.15035642008503,288.53,92,40,14.32,mu,1680372525
323,honningsvag,-63.40243764075457,-44.03086549872387,289.01,66,33,13.69,ar,1680372650
121,bubaque,-66.40794552308387,-44.030092236728834,296.6,26,22,10.22,ar,1680372536
389,batticaloa,145.99589393469273,-43.92357807346022,286.84,77,100,11.21,au,1680372687
238,awbari,-61.195547370842746,-43.84753627554455,288.03,69,78,15.48,ar,1680372595
243,arlit,36.80903236911661,-43.52953244391377,283.09,86,5,7.34,za,1680372597
384,chongwe,56.023893748968135,-42.912194592390215,284.19,65,68,16.9,mg,1680372684
73,wanning,-160.19875530988688,-42.28622443733037,288.1,76,95,7.93,ck,1680372521
129,chicama,15.254318144846962,-42.24778789315401,287.56,94,100,8.65,za,1680372538
270,nantucket,74.28543293135976,-41.98614735601133,289.48,88,83,10.83,mu,1680372618
576,marsabit,55.03156535759379,-41.85131167430836,285.28,66,90,15.17,mg,1680372776
552,sibsagar,-136.63248150972447,-41.33067404875631,288.2,95,100,11.52,pf,1680372767
174,ust-koksa,45.04405368600624,-40.96793787451133,287.13,65,94,14.38,mg,1680372562
132,kupang,76.7388557140448,-40.747888373717245,289.16,85,5,7.63,mu,1680372539
359,tigil,-113.49685993193128,-40.53953885429527,288.02,76,100,10.09,pf,1680372666
438,jalingo,-74.85361511083464,-40.45057204404005,287.43,85,99,5.91,cl,1680372711
52,adrar,-27.5863875264657,-40.36948852962269,288.72,90,100,13.42,br,1680372510
518,tabas,8.253794198885686,-40.09330724851108,287.74,93,88,8.98,za,1680372751
1,bambous virieux,80.14589044173567,-40.07828043941498,290.38,70,42,5.14,mu,1680372481
28,barentsburg,115.15550575943293,-39.91820696684364,288.66,77,14,5.72,au,1680372496
467,elliot,-156.19680229982546,-39.58287175988664,289.25,88,64,11.78,pf,1680372720
412,karachi,85.13695916098737,-39.17709763476525,290.41,62,100,4.21,au,1680372701
446,bereda,-123.08589080638966,-38.66097906957203,288.95,55,99,1.98,pf,1680372713
254,nouakchott,8.55615906865242,-38.359416341012505,290.34,86,84,6.72,za,1680372601
490,aviles,70.70819558650271,-38.03883178678936,292.04,86,76,8.34,mu,1680372734
478,zyryanka,174.1898697297304,-37.76338892480249,291.97,86,100,3.11,nz,1680372726
316,tateyama,-44.95357585543911,-37.72653965218351,289.16,88,100,22.25,br,1680372647
162,karangasem,-6.953160225440911,-37.71049869667944,290.41,79,100,2.92,sh,1680372554
418,iwata,165.46428987858667,-37.250468196824855,290.64,61,63,9.6,nz,1680372704
94,trelew,23.24925634451759,-37.225765266081865,294.17,73,0,2.8,za,1680372527
79,hobyo,56.35655244262222,-36.703136094359046,291.85,90,0,9.88,mg,1680372523
477,pisco,-88.90986077153622,-36.60769896609837,290.25,65,12,2.71,cl,1680372725
348,hoa binh,-70.542458986195,-36.47080025723752,293.97,8,46,4.73,cl,1680372660
173,saldanha,-16.087357308125775,-36.24358575729018,293.0,78,100,2.34,sh,1680372561
410,luwuk,-119.27636415982384,-35.5754369455543,289.3,64,70,2.07,pf,1680372700
400,fare,-144.09840096994006,-35.09350744084257,291.74,73,100,4.77,pf,1680372695
146,zhucheng,95.27323317477276,-35.00951619595022,291.85,81,5,4.4,au,1680372545
11,atar,137.3776462966485,-34.11399327479699,288.16,66,0,6.33,au,1680372486
56,saskylakh,133.70287220336576,-33.95546168548039,289.8,66,12,7.89,au,1680372512
20,butaritari,175.35974502273405,-33.85036085220707,293.73,84,100,3.84,nz,1680372491
573,labe,147.321036835048,-33.76995923171652,286.29,71,8,2.82,au,1680372775
504,thompson,-116.18538727804952,-33.63931808339643,291.78,69,65,1.82,pf,1680372742
596,agadir,-13.55130971928537,-33.48955040429411,295.23,75,53,4.62,sh,1680372787
248,isangel,114.84498330492022,-33.30056236559614,292.54,76,2,6.66,au,1680372599
72,numi,57.644407306082655,-33.1870196433211,294.76,86,89,0.16,re,1680372520
401,chimbarongo,-157.2522213553152,-31.9864658648615,293.36,72,15,8.39,ck,1680372696
594,la ronge,-64.90878602777843,-30.8902451221781,295.16,33,39,7.53,ar,1680372786
148,tartus,109.20141443224492,-30.510972183283656,293.32,82,34,8.94,au,1680372546
464,zarand,-101.56086735115676,-30.196256874071352,293.49,63,3,3.93,cl,1680372719
156,tiksi,-77.82355557537399,-30.146694427589424,292.19,75,0,5.73,cl,1680372551
497,ambilobe,21.40461345353478,-29.745573672985955,299.23,15,0,3.14,za,1680372737
27,bathsheba,50.61024025024517,-29.50338694038797,295.99,83,100,4.48,mg,1680372495
324,araouane,-63.851046381626816,-29.16393164957649,297.41,37,75,6.83,ar,1680372650
226,touros,38.05360317476783,-29.108745258677715,296.7,66,1,4.26,mz,1680372591
241,sentyabrskiy,175.74929161056303,-29.068590959926816,296.42,91,89,6.49,nz,1680372596
71,olafsvik,17.199708879699813,-29.044125865303705,291.48,64,0,2.48,na,1680372520
545,huarmey,62.25318333935178,-28.441493382304763,297.67,78,2,6.09,mu,1680372764
8,bethel,-35.381292832299295,-28.36359480887636,298.05,88,73,10.35,br,1680372485
239,torbay,107.86589570191694,-27.84275636014588,294.66,76,18,9.35,au,1680372595
543,preeceville,-119.593398969628,-27.809927322303352,297.04,71,100,9.37,pf,1680372763
218,mishelevka,153.44678901405837,-27.681581333067413,291.44,82,64,3.17,au,1680372588
404,belyy yar,-6.068282106329093,-27.4286353514492,295.5,68,1,3.99,sh,1680372697
3,wolmaranstad,25.752971240492343,-27.2494748619454,294.65,41,77,3.65,za,1680372482
7,victoria,73.75103543674552,-26.99733795554645,297.45,73,49,8.39,mu,1680372484
220,chokurdakh,-55.81064950225354,-26.671558074712948,302.57,35,1,2.74,py,1680372589
261,canavieiras,74.08708992866102,-26.54024751967482,297.52,68,29,9.2,mu,1680372609
235,cornwall,-66.31782325444235,-26.5333810457227,292.2,47,16,2.94,ar,1680372594
588,hutchinson,46.86982587097697,-25.9392524026091,298.44,79,91,7.61,mg,1680372780
88,new norfolk,-56.256583597399725,-25.9152768855037,304.06,44,61,2.94,py,1680372526
310,naze,-39.05842486720235,-25.875488445908843,299.47,82,92,8.41,br,1680372645
222,buala,-40.64155023775527,-25.7324070131733,299.52,77,10,10.11,br,1680372590
433,belmonte,-173.6342275309341,-25.47547184266412,297.27,72,13,7.77,to,1680372709
296,krasnovishersk,-56.10627733626413,-25.047630600223485,302.41,60,18,2.02,py,1680372639
470,mbuji-mayi,146.61627684062944,-24.88879557604893,288.26,49,51,3.91,au,1680372721
336,cabo san lucas,-70.81412011148821,-24.728709866687723,293.64,86,65,2.28,cl,1680372654
498,albanel,-104.80617877936622,-24.55003746530764,296.93,78,84,7.37,ec,1680372738
137,kondinskoye,163.80957111759113,-24.479072121299424,297.69,80,48,1.89,nc,1680372540
346,hofn,-112.90586357640552,-23.890493460527463,297.38,78,100,5.17,pf,1680372658
136,baoro,133.1466026621075,-23.86133221902182,290.51,75,97,2.4,au,1680372540
380,usinsk,-124.54730992607912,-23.744508366501396,299.15,77,56,6.32,pf,1680372680
506,takoradi,92.14211296181816,-23.182755617662608,296.16,76,26,10.2,au,1680372743
17,russell,-105.75938960082505,-23.064114781731178,297.18,82,96,6.23,ec,1680372489
334,rutana,-166.43649608567412,-22.80721803004809,298.18,78,90,10.34,nu,1680372653
357,dicabisagan,-163.92902803562234,-22.606386203646025,298.98,77,50,9.82,ck,1680372665
304,svetlaya,136.15623248527731,-21.40526761463484,294.05,48,22,4.14,au,1680372643
118,tebingtinggi,-71.16409515566521,-21.370369722241648,295.94,80,72,4.14,cl,1680372535
245,marathon,-81.55802212448981,-20.882000791623582,295.05,71,88,5.09,pe,1680372597
522,sinkat,-17.33294810308459,-20.26017840378462,298.45,67,1,6.38,sh,1680372754
481,cervo,-16.064117056565408,-20.12392901673546,298.0,72,13,4.86,sh,1680372728
101,mahebourg,-34.27917306851248,-19.90791114531116,299.82,73,63,4.94,br,1680372530
44,ferrol,-164.10701870679472,-19.87644418122464,300.1,79,10,5.5,ck,1680372506
199,vaitupu,-77.06876838883704,-19.81786323298988,295.7,70,99,4.52,pe,1680372580
74,barrow,165.12724742478014,-19.38063229464325,299.8,79,0,2.83,nc,1680372521
126,sorvag,-61.06097209511231,-19.037675704245014,307.24,38,51,2.88,py,1680372537
406,deputatskiy,81.48507221468827,-18.26554946522464,299.53,65,46,7.84,mv,1680372698
408,solnechnyy,173.14961004341944,-17.854024794533032,301.35,77,69,3.99,vu,1680372699
209,santiago del estero,66.49494088944229,-17.5138305724509,299.95,77,5,7.5,mu,1680372584
312,togur,-178.5723240888915,-17.508512550215357,301.18,69,38,6.75,to,1680372646
231,samarai,-159.29851850681044,-17.302928041646737,300.66,78,81,4.62,ck,1680372592
435,trairi,-113.66072843519792,-17.1591759166581,298.56,71,51,5.33,pf,1680372709
505,wad madani,170.01001300349628,-16.213993698313274,301.65,76,79,4.28,vu,1680372742
542,fortuna,-26.37978685048876,-16.000061121139595,299.6,66,72,5.25,br,1680372763
177,salina cruz,58.48381685443309,-15.776212645466416,301.01,75,10,6.8,mu,1680372563
160,ipojuca,-109.07798914241792,-15.686911755651806,298.25,65,16,6.54,ec,1680372553
471,sahrak,-20.891831643423643,-15.589775181470458,298.86,75,18,6.45,sh,1680372721
417,mayumba,-95.281907396149,-15.581283290313747,297.68,73,60,5.67,ec,1680372703
24,taolanaro,132.9540592423761,-15.575375809892336,298.35,62,54,2.66,au,1680372494
167,carnarvon,87.94620337766821,-15.36701616413896,298.85,71,20,6.13,id,1680372557
455,omsukchan,-37.36524934582053,-15.144754627343955,300.21,72,2,2.64,br,1680372716
539,hihifo,107.60205474342138,-14.75499337274684,299.99,75,79,4.83,id,1680372762
325,whitehorse,44.062315856683625,-14.212686649808449,301.49,78,91,5.79,yt,1680372650
185,tilichiki,-90.65741577353364,-13.936546915669268,297.57,77,100,6.53,pe,1680372570
229,north branch,-9.477867167898664,-13.61500016556738,298.11,74,18,7.5,sh,1680372592
361,pontes e lacerda,148.06156535065992,-13.463063691843487,301.23,79,100,4.9,pg,1680372668
480,leningradskiy,100.9574081623889,-13.31639006715112,299.17,67,10,2.17,id,1680372727
170,tuktoyaktuk,120.0777796994742,-12.971928926785296,302.25,72,85,4.63,id,1680372559
586,buraydah,158.05149695986944,-12.585501588916756,300.95,77,100,4.18,sb,1680372780
527,vani,-128.37963902793635,-12.515636434235873,300.04,73,34,5.72,pf,1680372757
273,georgetown,59.62527042913385,-12.50453455731494,301.3,77,12,6.93,mu,1680372620
297,nyurba,-178.07276045565905,-12.270012127998951,301.53,77,67,4.82,wf,1680372639
188,vaini,124.3285859853754,-12.210471141681296,301.75,67,77,2.14,id,1680372573
550,vila velha,-14.02522977312583,-11.350097305334742,299.35,78,75,7.68,sh,1680372765
161,norman wells,-95.87711501480968,-11.065964854421663,299.3,68,25,4.97,ec,1680372554
37,saint-georges,-170.76555217712115,-10.999339210099038,301.65,76,30,3.28,ws,1680372502
399,miloslavskoye,-108.01790448090604,-10.971137492910444,298.65,74,59,6.56,ec,1680372695
99,atuona,160.5434369049766,-10.063716960582395,300.93,74,100,1.45,sb,1680372529
413,jasper,-172.75891011040017,-10.056747115365226,301.85,74,7,3.33,ws,1680372701
219,lompoc,4.687536627931593,-9.866541204665992,298.4,70,87,3.24,ao,1680372588
501,port hedland,-118.3394316162049,-9.770247085663328,299.94,77,94,7.56,pf,1680372740
378,melbu,-120.39765716309589,-9.513980994370527,299.9,80,93,7.37,pf,1680372678
595,saint andrews,-144.73963919602335,-9.18506588177533,300.84,67,55,5.41,pf,1680372787
458,tecoanapa,30.61739981255897,-9.022003429267189,288.13,97,86,1.38,zm,1680372717
362,jacksonville,58.51455861894266,-8.918388190611566,301.22,72,20,0.58,sc,1680372669
294,billings,-40.9912004889552,-8.83727888189128,305.06,31,100,1.97,br,1680372637
187,gazanjyk,-59.91962837825409,-8.60333003160575,301.19,90,99,0.23,br,1680372572
227,malakal,-35.0704037339124,-8.277491920306474,301.73,61,30,4.0,br,1680372591
230,skjervoy,115.62026823463144,-8.056211368799978,300.16,76,100,1.17,id,1680372592
216,kailua,24.345333677725137,-7.215885660909322,292.62,95,72,0.7,cd,1680372587
489,cortez,-155.20575438848766,-7.012169112032751,301.17,76,24,5.52,pf,1680372733
200,cidreira,-31.68065702018509,-6.962597519403246,300.86,69,99,4.64,br,1680372581
9,whyalla,63.70492895116735,-6.712231591109344,301.09,76,95,2.61,sc,1680372485
125,petropavlovsk-kamchatskiy,-53.32213621704672,-6.667049556832623,297.4,92,100,0.93,br,1680372537
447,santa rosa,-71.54186625814998,-6.554143314446577,300.91,70,100,1.17,br,1680372713
474,fort nelson,-140.58417202004995,-6.358809631479687,300.05,81,69,8.32,pf,1680372723
526,kokologo,34.428416067879084,-6.105244252478428,289.85,95,51,1.52,tz,1680372757
299,along,-139.73790072232327,-6.05778969676058,299.95,81,73,7.78,pf,1680372641
301,iqaluit,43.77992331963384,-5.817983840891529,301.78,73,11,5.8,tz,1680372642
382,simplicio mendes,-90.9789248151734,-5.06028376868808,300.96,72,48,3.59,ec,1680372682
558,lucapa,100.96170243747258,-4.717341308431202,300.68,72,100,1.73,id,1680372770
0,madang,147.29414442917516,-4.168534442499862,301.15,74,90,3.74,pg,1680372481
538,kletskaya,77.97970250221215,-4.092258044660468,301.42,74,98,4.35,mv,1680372761
96,lavrentiya,95.63903048689338,-4.017784073402879,300.75,75,87,3.95,id,1680372528
437,lethem,-123.32613883525624,-3.4790834879001693,300.22,80,97,7.88,pf,1680372710
365,walvis bay,158.6927499592661,-3.155565028451946,300.43,73,100,0.74,pg,1680372670
492,magan,-46.00455505618089,-2.761897922648544,294.61,97,100,1.98,br,1680372735
349,tobias barreto,17.15183204072372,-2.5084836451097914,297.77,80,72,0.86,cd,1680372660
523,davila,-35.228542143585514,-2.1871995935316164,300.62,73,46,2.17,br,1680372755
430,santo anastacio,57.099238508161534,-1.9714594956895013,301.65,68,4,1.57,sc,1680372708
366,grand gaube,97.16988304626062,-1.7632923527189774,300.98,75,86,3.51,id,1680372671
352,ancud,-32.22017105900537,-1.699311552162314,300.91,70,81,1.8,br,1680372662
590,rotifunk,25.57479817233846,-0.8430949649468005,295.72,84,64,1.3,cd,1680372782
436,ismailia,-43.3554259661428,-0.4511367722905248,299.51,82,99,4.66,br,1680372710
347,axim,161.00910974171137,-0.3052869432891469,301.27,73,100,4.68,sb,1680372659
100,igdir,-48.12074692981932,0.2222621635045669,300.11,75,81,7.15,br,1680372529
134,louisbourg,40.92347165694096,0.6621153518188976,306.17,41,29,6.81,so,1680372539
340,margate,69.03043131297733,0.9548005784228336,301.54,66,100,2.01,mv,1680372656
140,marcona,40.94152800541394,1.409895728007342,307.54,33,13,2.03,ke,1680372541
75,plettenberg bay,81.64068234713949,1.6527449239464147,301.2,71,7,0.99,lk,1680372521
483,houma,162.71631461798728,1.8711649016578773,301.42,74,99,4.95,ki,1680372729
82,caravelas,140.20946104738016,1.8758249574327837,301.94,72,60,3.87,pg,1680372524
374,akdepe,-158.31134807694278,2.1016936637048644,299.85,85,65,4.71,us,1680372676
98,mayor pablo lagerenza,54.06797741308191,2.218087469050019,302.03,69,6,0.92,so,1680372529
127,akyab,-135.3438745123409,2.75937284971441,299.31,87,64,6.2,pf,1680372537
163,amderma,99.30369914782938,3.390648748416936,297.65,93,83,1.67,id,1680372555
479,atambua,-82.77333699725855,3.7824372169285,301.49,75,81,7.87,ec,1680372726
207,rio grande,-169.7992034199275,4.18833272732833,300.23,81,95,7.04,ws,1680372583
379,yerbogachen,134.59651216337744,4.198976218095652,301.94,66,77,1.66,pw,1680372679
488,collie,41.22790024191952,4.2542015975597565,303.48,46,90,2.41,ke,1680372733
42,belushya guba,-50.75256903423764,4.323816435862881,300.12,71,59,7.61,gf,1680372505
502,luena,37.87857491484471,4.515148809739827,297.09,56,79,2.83,et,1680372740
394,mirnyy,-53.08118206673055,4.638004309981184,300.65,69,54,2.73,gf,1680372691
194,katsuura,16.15563086750231,5.641155210158928,295.62,71,86,1.41,cf,1680372578
318,zhezkazgan,175.35137255476803,5.967200728008294,300.01,78,100,5.3,ki,1680372648
575,egvekinot,169.74512964595317,6.449945840368613,299.56,81,100,4.54,ki,1680372776
333,osa,-92.31975558806288,6.805846244838122,301.25,73,95,3.07,sv,1680372653
172,port alfred,-21.469249046706068,7.008466225111491,299.65,78,0,2.73,gw,1680372560
19,airai,-77.22760601664987,7.296959303156825,303.11,77,94,1.29,co,1680372491
444,mackay,127.4357108830335,7.400397492349157,300.95,77,100,3.02,ph,1680372712
482,nome,-113.25328988472135,7.910997541822525,300.55,85,98,8.08,mx,1680372728
338,fez,-127.84350629051546,8.232702224074444,299.01,87,74,9.46,pf,1680372655
59,rock springs,-34.31294265573791,8.458118896502384,298.07,77,44,5.66,cv,1680372514
353,zhenhai,32.78869116289218,8.523442336783845,305.23,17,100,1.88,sd,1680372662
548,singleton,-36.45254169840649,9.062116606464713,298.35,75,78,6.54,br,1680372765
574,mao,-75.15876647732854,9.453885342379593,307.98,38,100,2.06,co,1680372776
97,sao felix do xingu,27.105203716723736,10.015042193070514,302.88,11,88,2.22,sd,1680372528
476,grand-santi,-66.35810254458737,10.367198857242997,301.49,55,82,3.3,ve,1680372725
48,flinders,25.237384101069978,11.461612001601594,300.6,10,91,4.53,sd,1680372508
41,birin,-139.39838659402176,11.800819232021922,297.12,84,70,9.93,us,1680372504
5,kavieng,155.15654177558883,11.911535988081411,300.29,70,98,6.59,pg,1680372483
510,kashi,-167.392005771431,12.179868300640123,299.47,77,100,7.2,us,1680372746
202,saint george,-28.43659210401819,12.840692831661867,297.67,77,0,6.43,cv,1680372581
547,yaypan,-157.87513198077858,13.338466520077844,298.03,81,100,9.85,us,1680372765
91,makakilo city,-156.70212082322232,13.48516295658004,297.95,79,99,9.17,us,1680372526
513,umzimvubu,156.69592111563963,13.625767183921866,299.91,65,97,5.44,pg,1680372748
123,port elizabeth,173.9481107507316,14.45150167744204,297.99,76,87,3.89,ki,1680372536
263,esperance,-95.07929143570593,15.022053347244936,300.59,69,22,1.72,mx,1680372610
519,piranshahr,24.64144045582276,15.1959674292371,297.3,9,69,5.2,sd,1680372752
157,nikolskoye,-52.31551272096105,15.541169937955104,297.98,77,100,8.78,bb,1680372552
375,hay river,108.49340574415952,16.174096412120534,299.2,91,71,7.13,vn,1680372677
115,tommot,160.58435865362878,17.426779302956163,298.22,69,50,4.89,ki,1680372534
443,maple creek,179.98892642262643,17.440180445160124,297.05,70,50,5.26,ki,1680372712
22,kapaa,147.72630343954722,17.81789926989697,299.36,78,9,4.49,pw,1680372492
166,viedma,-52.63464770995249,17.86718236906509,297.98,71,76,9.27,bb,1680372557
350,saint-pierre,62.48034820914927,17.979995385106477,299.06,56,5,1.08,om,1680372660
197,mount gambier,96.32481751424292,18.27033993600276,296.92,69,9,0.96,mm,1680372580
13,troitskoye,-11.012508641793488,18.274800091582605,309.71,5,0,5.49,mr,1680372487
116,bredasdorp,-159.66192028932687,18.293678869712124,297.75,80,95,7.94,us,1680372534
181,aklavik,93.11598398156514,18.429612997141632,299.61,78,6,4.86,mm,1680372566
313,port lincoln,-86.1539680390929,18.65716989445072,299.75,73,15,6.73,bz,1680372646
517,nalut,174.7427252766348,18.682276598864902,296.38,67,0,3.82,ki,1680372751
164,tucuman,111.78932442674898,18.88132224634758,298.8,84,91,6.1,cn,1680372556
429,goderich,-17.758175699078407,18.89950222310144,297.63,55,0,6.21,mr,1680372708
427,ternate,178.0149927666609,18.903487596445306,296.13,67,3,3.07,ki,1680372707
30,mar del plata,-51.48632426919573,18.90542157085943,297.75,71,86,10.0,bb,1680372497
283,maracacume,-108.14528664570574,18.947863479597544,296.31,72,96,5.0,mx,1680372626
541,opochka,-25.21803530018363,19.162411421325885,297.26,73,0,4.7,cv,1680372762
183,chanute,156.93640140681015,19.31679288489464,297.8,73,1,0.51,ki,1680372568
90,trabzon,111.95155371487112,19.33704170724016,297.99,88,86,6.33,cn,1680372526
602,braslav,-2.504105586141378,20.08019024429501,304.45,5,0,3.6,ml,1680372791
285,fond du lac,103.16535099382396,20.09293514788413,288.49,57,26,0.97,la,1680372628
342,bongandanga,-130.8418077961512,20.234389450666683,291.44,73,95,9.67,us,1680372656
397,zeya,9.886373542536433,20.26417510362332,296.35,5,0,2.61,ne,1680372693
61,saint-philippe,-118.48257768609317,20.555601947597097,291.41,76,93,8.5,mx,1680372515
12,ilulissat,-29.586859206440067,20.69385486702292,295.85,81,0,3.53,cv,1680372486
461,saint-dizier,132.53013977783064,21.288374013735663,297.67,85,0,3.84,jp,1680372718
168,kaeo,-10.174460560188264,21.60414112437691,306.18,4,0,4.05,mr,1680372558
23,los llanos de aridane,164.9171693266398,21.98183599559428,296.42,71,0,4.53,ki,1680372493
494,aqtobe,-163.70787065303944,22.300568133724468,296.55,77,1,3.42,us,1680372736
77,padang,162.44454683883146,22.8217514483578,297.24,76,6,6.32,ki,1680372522
441,kalmunai,-147.77281960379537,22.87730881959854,295.05,59,88,8.78,us,1680372711
419,toungoo,-30.510952659140088,22.912311756937584,295.85,82,24,2.92,cv,1680372704
292,markova,151.4413923179203,23.209837254316923,296.78,78,3,3.75,jp,1680372632
565,massaguet,133.97261832307595,23.4878348350306,296.87,85,3,5.89,jp,1680372773
307,myski,-115.24281086008298,23.542265048763525,289.83,75,87,7.73,mx,1680372644
578,guruvayur,143.87754091461176,23.592663222311444,296.7,77,2,1.08,jp,1680372777
180,emba,-40.18068625828667,24.076905271892244,295.78,77,24,7.39,cv,1680372565
26,lagoa,-23.85062357147893,26.143863333987326,294.82,80,0,7.45,es,1680372495
607,prachin buri,119.1456511494435,26.624158440171183,286.79,97,46,0.52,cn,1680372794
60,oranjemund,-2.0901216566390985,26.904007591239832,302.88,7,0,3.19,dz,1680372514
264,mpulungu,-77.45991837898447,27.39717336681201,297.32,78,12,5.65,bs,1680372612
244,tambovka,-24.219762921263367,27.55670210961749,294.72,82,0,6.19,es,1680372597
314,forbes,168.45839599870197,28.115361025375197,293.94,89,100,10.87,ki,1680372646
305,itarema,-57.66604833571371,28.29885903342786,292.51,59,12,6.18,bm,1680372643
383,bambanglipuro,10.310467544284478,28.45931211735561,297.32,11,0,2.95,ly,1680372683
43,babanusah,-120.66131713073928,28.640163714125848,286.71,68,1,6.95,mx,1680372506
182,castro,39.48971994276508,28.8650936614778,287.83,27,0,3.31,sa,1680372566
529,fort-shevchenko,143.36292686863806,29.41388161701684,291.82,86,100,9.52,jp,1680372758
421,fasa,-57.11219499686891,29.74125813765409,291.11,57,91,3.96,bm,1680372705
533,kuala selangor,93.81729020846784,29.780783734325723,273.98,90,93,1.89,in,1680372760
49,rikitea,-172.7578878783222,30.249961727626697,290.65,79,4,4.93,us,1680372509
395,enugu,157.39556791409905,30.42931388284366,290.1,66,100,5.02,ru,1680372692
203,pogar,-71.68812077147608,30.743147802187693,293.68,73,63,8.29,us,1680372582
25,albany,-165.90922947377425,31.423412249218742,290.84,83,5,5.45,us,1680372494
32,mataura,26.88307144107304,31.66370456700733,291.64,54,1,2.8,eg,1680372499
532,sioux lookout,115.6971783236599,31.896973668601238,288.8,71,61,3.24,cn,1680372759
107,chernyshevskiy,-23.62520939003141,32.14903166196308,293.28,83,17,8.94,pt,1680372531
93,talnakh,-172.7074961593928,33.20818810335042,288.45,88,100,6.09,us,1680372527
508,beyneu,59.52301160851556,33.353077749968634,285.65,39,3,3.05,ir,1680372745
613,sagua de tanamo,132.38743594982583,33.59735840987294,286.24,76,100,3.76,jp,1680372797
585,abu dhabi,132.96795216071007,33.65583269571829,282.33,75,100,1.23,jp,1680372779
95,dikson,78.39221737463856,34.04346421782925,260.06,80,75,0.95,in,1680372528
4,ribeira grande,-30.398996742202968,34.107196217888145,292.43,89,100,6.01,pt,1680372483
210,boueni,35.39089700400666,34.99657445093939,289.85,74,32,7.18,sy,1680372585
46,pitsunda,3.212093280967167,35.0523574115314,291.63,44,59,7.01,dz,1680372507
391,baruun-urt,-165.34232340776677,35.131274426670856,288.12,93,98,3.18,us,1680372689
65,lapua,98.1194861992056,35.271268482442935,264.79,88,100,2.96,cn,1680372518
355,brae,-16.71103916656145,35.32837029145995,291.57,81,7,3.66,pt,1680372664
257,baculin,110.8747504994663,35.48449575255347,288.1,72,31,5.55,cn,1680372605
329,lorengau,-16.619898950340087,35.49021619540581,291.6,79,9,3.38,pt,1680372652
416,shenjiamen,122.55873682376728,35.52890613835197,284.27,67,14,3.28,cn,1680372703
425,hovd,-148.5345211615135,35.55086019738732,288.59,90,100,4.75,us,1680372706
208,rawson,119.448057726154,35.71082502907048,281.81,38,0,0.96,cn,1680372583
237,kloulklubed,-77.53375142362107,36.03009032242838,295.13,73,40,7.72,us,1680372594
38,san quintin,18.86074613128065,36.29866313087116,289.55,82,100,5.78,gr,1680372503
345,pistsovo,-0.280155380641105,36.31539449800971,290.3,88,79,7.19,dz,1680372658
567,yomitan,6.499665012793457,37.00731582211162,286.68,80,85,0.91,dz,1680372774
111,geraldton,89.93826582781384,37.33613124472463,268.76,46,93,3.66,cn,1680372533
204,neiafu,16.87756740240252,37.45919020920431,289.61,82,100,0.99,it,1680372582
274,guatire,-95.16646705872957,37.81017788556268,287.11,38,0,6.57,us,1680372620
339,prachuap khiri khan,-150.59573770553175,37.89020733164082,286.96,94,100,4.9,us,1680372655
18,punta arenas,85.15729176484672,38.60205330234771,281.92,24,73,6.36,cn,1680372490
557,coihaique,-63.39462882229731,39.05468839493281,289.15,79,100,18.02,ca,1680372770
385,auki,-48.52904223760672,39.41857949656398,282.18,60,46,9.4,ca,1680372684
276,esmeraldas,162.03548407996624,39.4418875865901,279.61,61,8,1.07,ru,1680372622
466,vostok,-69.05261151999474,39.49618876919519,289.66,87,100,19.25,us,1680372719
130,komsomolskiy,44.1993797043495,39.57896986579246,269.69,83,100,2.45,tr,1680372538
69,souillac,66.14808342683745,39.8276316300209,290.27,52,63,3.18,uz,1680372519
280,mandera,56.84318327279547,39.88637738353117,284.61,60,91,7.78,tm,1680372625
191,xam nua,-58.061966380470366,39.92374318416245,287.75,68,98,11.28,ca,1680372575
426,arvika,-38.14613129821189,40.4129480306845,284.42,88,68,15.05,pt,1680372706
514,sahbuz,32.293869789658345,40.54203447659165,278.33,76,98,2.61,tr,1680372749
354,mekhe,-62.82853217223601,41.100677431465925,287.24,87,100,20.22,ca,1680372663
114,coquimbo,39.92584390616568,41.25571139109809,282.24,72,4,5.82,tr,1680372533
503,goma,-144.85193396240822,41.71317908636314,282.03,71,100,4.89,us,1680372741
321,villa carlos paz,174.4058462861791,41.775172346333335,278.9,74,100,9.74,ru,1680372649
70,newport,-109.31313531618588,42.12168915777824,271.49,78,100,4.1,us,1680372520
368,valentin gomez farias,116.10669082651634,43.411638344673065,279.64,63,98,6.97,cn,1680372672
54,lyngseidet,40.67134586539626,43.41465894146833,272.05,90,37,2.32,ge,1680372511
495,ixtapa,-88.23193729688207,43.72859798265623,273.56,85,100,10.2,us,1680372736
331,mitsamiouli,163.94481074206004,43.8462330679061,276.01,68,85,7.26,ru,1680372652
597,bogotol,26.18756419573282,44.138420052990426,285.9,85,92,3.86,ro,1680372788
225,sur,95.7044255216179,44.95531719941224,264.81,25,35,5.84,cn,1680372591
414,puro,-30.029208113480934,45.13074806527453,287.83,88,100,9.76,pt,1680372702
356,muros,-92.54852399601884,45.43296228923512,274.2,71,0,4.12,us,1680372664
50,tasiilaq,-9.070744297641111,45.52015475338911,284.64,67,14,9.19,es,1680372509
546,utiroa,139.17096015718522,45.813608029742,275.69,88,7,0.95,ru,1680372764
376,colares,-63.21755430896313,46.12677821536954,275.13,97,100,4.92,ca,1680372677
288,vila,-134.5518185230615,46.27985964030725,279.63,66,71,12.2,ca,1680372630
521,benghazi,-107.93038841725256,46.32564176949708,284.04,48,78,6.56,us,1680372753
267,haines junction,59.120770465843975,46.39402830812367,284.12,23,5,10.81,kz,1680372615
332,ahipara,-31.06554196452572,46.670935139352025,286.88,90,100,9.5,pt,1680372653
402,upata,47.43787973978067,46.87931129280079,278.44,86,100,8.82,ru,1680372696
509,sabang,-12.188596704488331,46.94008985857352,284.38,62,26,5.81,es,1680372745
587,ukiah,66.3700822446703,47.29178132286447,278.28,28,4,13.22,kz,1680372780
236,petropavlovka,-26.294176838395288,47.38851213191819,286.77,97,100,10.99,pt,1680372594
113,provideniya,114.99008867225228,48.55712930854284,272.26,40,100,6.84,ru,1680372533
178,marsh harbour,160.50017028726103,48.66060084581281,274.25,77,7,6.01,ru,1680372564
405,sukumo,-86.16475100588889,48.99435469266024,272.08,79,47,4.87,ca,1680372698
15,korla,136.65011936460155,49.41643702582647,272.42,82,4,1.3,ru,1680372488
255,cururupu,86.05710492245248,50.01510641889996,250.62,98,71,0.98,ru,1680372602
86,kysyl-syr,-1.3449894840753984,50.23142166615034,283.76,82,95,7.15,gb,1680372525
138,pyu,-26.54374934704853,50.61213820876654,283.63,91,100,17.56,pt,1680372541
377,hasaki,104.63116920742824,50.62699396417335,261.53,57,100,3.89,ru,1680372678
609,calvinia,-39.37961163507276,51.06616050163328,281.22,94,96,2.94,gl,1680372795
561,ibra,55.14048748593294,51.28461219714464,282.55,39,81,6.5,ru,1680372771
192,mys shmidta,-17.063247776578976,51.52768635480001,282.46,55,70,2.49,ie,1680372577
29,marsa matruh,-31.25844935739028,51.54755451235772,283.88,95,100,12.62,pt,1680372496
422,borovoy,-2.045655330791448,52.07388702130689,283.68,76,100,3.13,gb,1680372705
224,mushie,168.514712066526,52.12079995686594,273.9,96,100,17.82,ru,1680372590
592,ugoofaaru,76.19111483529815,52.12135112908129,270.7,48,0,4.84,kz,1680372784
266,nishihara,-148.53794176272885,52.2872091515992,275.72,76,49,14.95,us,1680372614
341,lahij,103.16769271460988,52.499682801464246,260.36,87,15,2.1,ru,1680372656
311,constantine,33.07358781456327,52.64017246360123,282.11,79,98,5.01,ru,1680372646
500,zaria,-41.396132131153,53.58191348984792,274.37,94,100,12.04,gl,1680372739
560,sept-iles,87.7659270082222,53.68093188079075,260.12,87,35,1.48,ru,1680372771
190,serebryanyy bor,-127.29441656727292,53.87168966558278,271.76,73,56,2.25,ca,1680372574
491,mala vyska,-5.785889767929632,53.925842039894974,282.14,90,100,0.72,ie,1680372734
198,san joaquin,-115.74180501503749,54.02712636732849,276.05,72,97,1.64,ca,1680372580
84,bluff,55.81257870825203,54.21096159070342,276.87,89,100,1.5,ru,1680372524
147,quatre cocos,-51.01813457196064,54.77071701504852,273.44,67,100,5.1,ca,1680372546
155,skagen,-179.4329490792613,54.98920372455177,275.28,88,100,8.96,ru,1680372551
240,kourou,-175.87705603978594,55.03857034608356,275.64,85,100,8.39,ru,1680372595
608,mantua,172.26921234089662,55.31635116634601,274.1,77,89,10.17,ru,1680372794
551,clyde river,-147.17512386556865,56.04291705470297,275.65,73,98,13.16,us,1680372766
139,whitecourt,-87.41226031280078,56.26881083096268,255.73,83,71,4.68,ca,1680372541
154,alto vera,-27.80208067454032,57.033524522311126,278.7,60,98,5.83,is,1680372550
269,ust-shonosha,-34.627486474701584,57.07971903978071,277.89,70,97,5.74,gl,1680372617
456,waipawa,-43.87023731512713,57.34899359106532,273.97,59,74,2.74,gl,1680372716
284,iskateley,124.45527269117224,57.54930167527496,255.12,91,100,3.5,ru,1680372627
221,wahran,10.587166764000584,58.04911919383605,277.84,71,3,7.52,dk,1680372589
278,san patricio,165.41555103098688,58.232911552278296,274.06,82,27,3.86,ru,1680372624
524,serov,-138.7484157440001,58.494567700668,277.25,76,68,10.04,ca,1680372756
516,salalah,106.03935884581114,58.52021236355591,253.36,99,91,1.36,ru,1680372750
171,wanaka,-160.7251172622503,58.71881218751835,267.8,91,4,4.65,us,1680372560
158,hami,126.12635417029428,59.15034855914533,256.78,95,100,2.56,ru,1680372552
463,san jose,-136.80078722882138,59.49943158310791,264.26,92,100,3.62,ca,1680372718
606,arman,-134.2803034434347,60.12380557983241,271.84,84,100,0.87,ca,1680372793
195,kruisfontein,68.27603857274795,60.529241770006735,275.46,72,100,8.85,ru,1680372579
563,robertsganj,113.22404939997271,60.56803848251676,252.55,100,98,1.21,ru,1680372772
528,ville-marie,57.479939670460624,60.876764481858686,274.61,97,100,5.41,ru,1680372758
189,tomatlan,-176.14231780105578,61.15746456388467,272.0,77,97,11.29,ru,1680372573
568,itanhem,83.72107450405042,61.17005856895497,266.8,87,99,5.49,ru,1680372774
58,aktash,-34.793425682622114,61.28005337115911,276.04,58,58,6.64,gl,1680372513
10,ponta do sol,-158.07487824789254,61.28927637085815,261.03,93,70,1.65,us,1680372486
454,san cristobal,63.37526865658788,61.36308177389293,276.12,96,100,5.08,ru,1680372715
141,cabedelo,112.5820482941171,61.4699728314053,245.26,100,34,1.85,ru,1680372542
465,port shepstone,41.085154195192274,61.5240711687629,270.65,96,100,0.97,ru,1680372719
396,tuatapere,8.935953816181382,61.54217881996249,264.42,80,8,1.96,no,1680372692
445,pahrump,-36.59485779683504,61.80222116146581,275.35,70,23,6.14,gl,1680372713
179,kodiak,-8.512167177617641,61.932207775318176,280.21,78,100,7.69,fo,1680372564
536,laguna,-71.01137350768413,62.15125816981873,262.98,74,100,7.28,ca,1680372761
534,jiangyou,43.82392174521411,62.93807393551268,267.48,96,100,0.33,ru,1680372760
363,khasan,-4.020869156659188,63.09885365307994,279.32,82,100,7.69,fo,1680372669
81,sao caetano de odivelas,23.93227207721526,63.13079705126296,264.41,97,9,1.19,fi,1680372524
328,potosi,10.847588705754305,63.8710599275106,277.18,82,51,1.34,no,1680372651
63,matara,-114.57993549190492,64.69477917613293,254.49,85,100,8.49,ca,1680372517
108,aykhal,123.16126789062209,64.90511142016939,248.68,99,40,3.59,ru,1680372532
451,maraba,108.78096277011632,65.28321525843148,258.16,92,98,5.26,ru,1680372714
228,liverpool,-123.26173149037024,65.39172726491188,257.98,90,100,5.4,ca,1680372592
407,loding,-45.34165358143724,65.56582601251617,253.16,62,15,4.62,gl,1680372699
124,cap malheureux,-168.42022464203143,65.8946238252355,271.2,96,100,8.54,ru,1680372537
142,pevek,108.61322998818709,65.89697384325524,258.02,95,100,9.08,ru,1680372543
87,illoqqortoormiut,-27.471450420619878,66.35638391213314,276.55,90,93,8.03,is,1680372525
186,khatanga,174.72366052793836,67.01157354128159,247.09,90,93,3.66,ru,1680372570
530,dillon,117.38981002666014,67.36237658446888,254.07,87,66,5.44,ru,1680372758
571,omboue,160.16611904236686,67.49782970858976,243.72,100,99,1.06,ru,1680372775
460,port macquarie,90.88519790991938,67.92686633332497,260.24,96,100,3.49,ru,1680372718
555,kavaratti,-127.51141775285193,68.47341066358985,253.65,91,26,5.16,ca,1680372769
423,batemans bay,-58.5206464129829,68.50209405054088,251.66,91,98,8.42,gl,1680372705
120,waingapu,92.12855610651737,68.69050325175058,253.78,97,100,2.7,ru,1680372535
599,galesong,-140.7479096675128,69.32314555327463,256.69,86,100,0.81,ca,1680372789
493,la plata,55.24505498139422,69.46089414097142,265.45,99,41,3.4,ru,1680372735
364,cascais,125.54706145321056,70.10429641378337,251.89,94,100,9.44,ru,1680372670
62,pouebo,19.804808143100644,70.13195034549608,270.94,61,100,6.57,no,1680372515
233,zhangjiakou,61.9331327375688,70.16221850147815,266.78,84,100,1.42,ru,1680372593
211,stjordalshalsen,72.00576650452658,70.33142104310514,269.77,98,100,1.33,ru,1680372585
64,narsaq,118.14856454677248,71.19473693381926,260.05,93,100,9.13,ru,1680372517
271,mehamn,-142.15723526459595,71.2451888794453,253.49,98,100,6.99,ca,1680372618
388,sharan,124.90370139490511,72.27523165072046,254.83,93,99,10.29,ru,1680372687
610,qom,111.64223820618751,72.59192030742383,263.14,94,100,8.38,ru,1680372795
102,afmadu,-10.343553132297217,73.29629664207562,271.88,90,100,8.23,is,1680372530
583,aden,14.876114037786152,73.83944197305101,272.63,57,100,8.44,sj,1680372779
327,ozu,82.07945195994523,74.10676385012692,261.85,97,100,3.78,ru,1680372651
232,kieta,-9.402069556738326,74.13185072395603,270.58,93,100,8.03,is,1680372593
358,champerico,19.31843783041288,74.14626525072012,267.3,83,55,1.94,no,1680372666
593,pringsewu,-135.26586106027105,74.32261273442006,249.34,97,94,4.85,ca,1680372785
566,morondava,-138.49614207218966,74.65326091055115,250.29,96,99,6.01,ca,1680372773
553,the pas,139.20486212682783,75.0885633830483,245.03,100,98,3.76,ru,1680372767
78,uwayl,-66.70572805823429,76.77479143643862,249.6,63,0,2.19,gl,1680372523
223,linares,127.94032205995342,77.13267856771057,248.36,100,100,5.12,ru,1680372590
520,santa rosalia,-62.06697429359697,77.19332180881375,246.74,64,4,5.29,gl,1680372753
122,tsihombe,75.62695585689696,77.23313845558499,247.51,95,100,5.43,ru,1680372536
326,jiaocheng,173.45684641776364,77.57949371362784,244.4,100,100,1.51,ru,1680372651
487,acari,-77.36140688055134,77.76306488430288,249.5,82,6,0.65,gl,1680372732
247,qaqortoq,-137.24673851914207,77.78333336783842,250.58,96,100,5.71,ca,1680372598
440,boende,-68.79738702990778,77.97248675847314,249.41,65,9,6.36,gl,1680372711
249,yatou,49.55354677688538,78.26789232021719,252.02,99,100,5.78,ru,1680372599
556,guarapari,99.5409270283996,78.3352515687011,248.53,99,100,5.15,ru,1680372769
47,hermanus,47.78425282314112,78.43662493168418,250.89,100,100,6.23,ru,1680372507
604,cayenne,-104.51476464255953,79.02865150982325,251.53,99,91,2.54,ca,1680372792
515,tsaratanana,-29.57326313414285,79.24559915505804,245.44,86,96,3.04,gl,1680372750
279,qaanaaq,94.95110563211432,79.52066552275613,246.15,89,7,2.59,ru,1680372624
600,garowe,25.671866968197666,79.5320987406578,249.49,90,19,2.88,no,1680372789
544,juripiranga,-52.70862903795442,79.54572832135273,243.86,72,8,4.66,gl,1680372764
51,sao filipe,-6.2496246362075,79.61767908358922,252.03,93,100,2.26,fo,1680372510
373,buariki,-176.65356141526954,80.03182615651045,240.87,100,100,1.77,ru,1680372675
319,kisangani,102.47019950207022,80.22805420265024,247.13,99,100,2.74,ru,1680372648
428,meulaboh,146.7627420495541,80.56007506705717,249.57,99,100,3.99,ru,1680372707
196,casa nova,1.022758855435029,81.0724915985235,244.3,100,37,2.56,sj,1680372579
601,ostrovnoy,-158.50474956920684,81.43702063277823,242.81,100,100,2.2,us,1680372789
387,manakara,-111.68598999687538,81.48815817201472,253.46,95,97,4.42,ca,1680372686
31,kaitangata,0.4540895085750378,81.78891009110427,243.97,100,54,2.67,sj,1680372498
525,umm kaddadah,20.94866420392745,82.2332556202638,246.74,98,78,4.0,sj,1680372756
452,acapulco,141.6516982526653,82.39498247797016,250.91,98,100,4.02,ru,1680372715
287,yabelo,-178.66137138897255,82.55757314712383,239.5,100,100,2.8,ru,1680372629
184,severo-kurilsk,-107.40216591862394,82.79220616570444,254.26,92,100,5.22,ca,1680372569
335,presidencia roque saenz pena,-107.43835789060672,83.37714780295033,254.93,90,100,6.02,ca,1680372653
351,meyungs,-23.87597548837914,83.39268676980396,247.18,99,81,2.3,gl,1680372661
468,karlskrona,27.404927536621585,83.50541869254656,243.54,100,81,3.88,no,1680372720
92,tocopilla,-159.52658575367002,84.30516092921343,244.33,100,92,3.07,us,1680372527
559,rodino,86.0125727402405,84.85528570690681,242.03,100,100,4.76,ru,1680372771
83,husavik,161.83054984164835,85.79530133834854,241.84,100,100,3.7,ru,1680372524
344,rosita,143.4390759416022,86.19937210318784,241.85,100,100,4.25,ru,1680372657
570,ossora,-125.561002773786,86.24556486479068,256.26,95,100,5.58,ca,1680372774
434,kyzyl-suu,-145.7203943566702,86.32675750259332,254.07,97,100,2.53,us,1680372709
472,murray,107.71657438710496,86.98541801005538,239.96,100,100,4.56,ru,1680372721
176,yuncheng,-23.18245904631865,87.18005557609513,242.2,100,100,3.52,gl,1680372563
14,puerto ayora,-41.66222523065997,87.7685962676718,244.67,99,99,3.84,gl,1680372487
201,micheweni,171.2409598364639,87.97337757482859,243.38,100,99,2.12,ru,1680372581
448,namibe,-51.591703410469336,88.05857749147208,247.12,97,99,4.61,gl,1680372713
484,miri,-165.47973444342594,88.08575945382253,249.42,96,100,1.26,us,1680372730
315,ovejas,28.499104060020784,88.53669856167159,243.95,97,100,3.59,sj,1680372647
66,vanimo,0.0379632023159501,88.76681242221449,245.28,97,100,4.08,sj,1680372518
109,hobart,-14.424894731325509,88.91353294056302,245.41,97,100,4.09,gl,1680372532
149,yar-sale,-37.712657867351,89.26818178841819,247.4,96,100,4.1,gl,1680372547
